broken garage door katy tx|[https://garageworksofhouston.com/garage-doors/]|23|25|2|UP|GOD
Cinco Ranch TX garage door companies near me|[https://garageworksofhouston.com/]|10|11|1|UP|GOD
Cinco Ranch TX garage door installation|[https://garageworksofhouston.com/articles/cinco-ranch-tx-garage-door-installation/]|5|26|21|UP|GOD
Cinco Ranch TX garage door installation near me|[https://garageworksofhouston.com/services/]|8|9|1|UP|GOD
Cinco Ranch TX garage door insulation|[https://garageworksofhouston.com/sitemap/]|12|13|1|UP|GOD
Cinco Ranch TX garage door opener installation|[https://garageworksofhouston.com/articles/cinco-ranch-tx-garage-door-opener-installation/]|4|16|12|UP|GOD
Cinco Ranch TX garage door panel replacement|[https://garageworksofhouston.com/articles/cinco-ranch-tx-garage-door-repair/]|6|9|3|UP|GOD
Cinco Ranch TX garage door repair near me|[https://garageworksofhouston.com/the-best-garage-repair-service/]|12|10|-2|DOWN|GOD
Cinco Ranch TX garage door spring repair|[https://garageworksofhouston.com/services/]|19|20|1|UP|GOD
Cinco Ranch TX garage doors|[https://garageworksofhouston.com/articles/cinco-ranch-tx-garage-door-installation/]|8|28|20|UP|GOD
Cinco Ranch TX garage doors near me|[https://garageworksofhouston.com/services/]|10|11|1|UP|GOD
classic door spring tx|[https://garageworksofhouston.com/services/]|23|29|6|UP|GOD
Cypress TX garage door companies near me|[https://garageworksofhouston.com/articles/cypress-tx-garage-door-companies-near-me/]|16|28|12|UP|GOD
Cypress TX garage door installation|[https://garageworksofhouston.com/articles/cypress-tx-garage-door-companies-near-me/]|19|0|7|NEW|GOD
garage door broken cable repair houston tx|[https://garageworksofhouston.com/services/]|19|28|9|UP|GOD
garage door off track houston tx|[https://garageworksofhouston.com/services/]|16|14|-2|DOWN|GOD
garage door off track spring tx|[https://garageworksofhouston.com/services/]|20|22|2|UP|GOD
garage door refurbish katy tx|[https://garageworksofhouston.com/garage-doors/]|24|0|2|NEW|GOD
garage door won't close houston tx|[https://garageworksofhouston.com/services/]|15|17|2|UP|GOD
garage door won't open houston tx|[https://garageworksofhouston.com/services/]|4|4|0|EQ|GOD
garage door won't open spring tx|[https://garageworksofhouston.com/services/]|23|24|1|UP|GOD
garageworksofhouston.com|[https://garageworksofhouston.com/]|1|1|0|EQ|GOD
how to fix a garage door katy tx|[https://garageworksofhouston.com/garage-doors/]|25|0|1|NEW|GOD
Katy TX broken garage door|[https://garageworksofhouston.com/articles/katy-tx-broken-garage-door/]|19|19|0|EQ|GOD
Katy TX broken garage door spring|[https://garageworksofhouston.com/articles/katy-tx-broken-garage-door-spring/]|12|25|13|UP|GOD
Katy TX garage door installation|[https://garageworksofhouston.com/articles/katy-tx-garage-door-installation/]|18|26|8|UP|GOD
Katy TX garage door insulation|[https://garageworksofhouston.com/articles/katy-tx-garage-door-installation-near-me/]|17|20|3|UP|GOD
Katy TX garage door repair|[https://garageworksofhouston.com/garage-doors/]|25|25|0|EQ|GOD
Katy TX garage door repair near me|[https://garageworksofhouston.com/]|20|21|1|UP|GOD
Katy TX garage door service near me|[https://garageworksofhouston.com/garage-doors/]|25|29|4|UP|GOD
West Memorial TX door installation near me|[https://garageworksofhouston.com/sitemap/]|6|4|-2|DOWN|GOD
West Memorial TX garage door installation|[https://garageworksofhouston.com/articles/west-memorial-tx-garage-door-repair/]|2|8|6|UP|GOD
West Memorial TX garage door insulation|[https://garageworksofhouston.com/articles/west-memorial-tx-garage-door-insulation/]|2|2|0|EQ|GOD
West Memorial TX garage door opener installation|[https://garageworksofhouston.com/articles/west-memorial-tx-garage-door-repair/]|2|9|7|UP|GOD
West Memorial TX garage door repair|[https://garageworksofhouston.com/articles/west-memorial-tx-garage-door-repair/]|2|2|0|EQ|GOD
West Memorial TX garage doors|[https://garageworksofhouston.com/articles/west-memorial-tx-garage-doors-near-me/]|2|2|0|EQ|GOD
